key,fullName,email,passportNumber,birthDate,specialNeeds
passenger-01,"Lorem ipsum dolor sit amet, consectetur adipiscing elit. Sed do: eiusmod tempor incididunt ut labore et dolore magna aliqua! Ut*",acme@lorem-ipsum.org,000000,2000/01/01 0:00,Lorem ipsum dolor sit ame
passenger-02,L,acmepassword@lorem-ipsum.org,999999999,2000/01/01 0:01,L
passenger-03,Lo,a@b.e,204FDKK,2022/07/29 23:59,Lo
passenger-04,"Lorem ipsum dolor sit amet, consectetur adipiscing elit. Sed do: eiusmod tempor incididunt ut labore et dolore magna aliqua! Ut enim ad minim veniam? Quis nostrud exercitation ullamco laboris nisi ut aliquip ex ea commodo consequat. Duis aute irure dolor",a@b.es,SFW1UO4,2012/07/02 0:00,"Lorem ipsum dolor sit amet, consectetur adipiscin"
passenger-05,"Lorem ipsum dolor sit amet, consectetur adipiscing elit. Sed do: eiusmod tempor incididunt ut labore et dolore magna aliqua! Ut enim ad minim veniam? Quis nostrud exercitation ullamco laboris nisi ut aliquip ex ea commodo consequat. Duis aute irure dolor*",a@b.esx,204FDKK98,2000/01/01 0:00,"Lorem ipsum dolor sit amet, consectetur adipiscing"
passenger-06,โลเร็ม อิปซัม,lorem-ipsum@dolor.sit.amet.consectetur.adipiscing.elit.sed.do.eiusmod.tempor.incididunt.ut.labore.et.dolore.magna.aliqua.Ut.enim.ad.minim.veniam.quis.nostrud.exercitation.ullamco.laboris.nisi.ut.aliquip.ex.ea.commodo.consequat.duis.aute.irure.doloris.edu,204FDKKCC,2000/01/01 0:00,โลเร็ม อิปซัม
passenger-07,لوريم إيبسوم,lorem-ipsum@dolor.sit.amet.consectetur.adipiscing.elit.sed.do.eiusmod.tempor.incididunt.ut.labore.et.dolore.magna.aliqua.Ut.enim.ad.minim.veniam.quis.nostrud.exercitation.ullamco.laboris.nisi.ut.aliquip.ex.ea.commodo.consequat.duis.aute.irure.dolor.es.org,WW69FDKK,2004/09/03 0:00,لوريم إيبسوم
passenger-08,洛伦·伊普森,acme@lorem-ipsum.org,2U4FJKK,2000/01/01 0:00,洛伦·伊普森
passenger-09,<marquee>Hacked</marquee>,acme@lorem-ipsum.org,8804FAAK,2000/01/01 0:00,<marquee>Hacked</marquee>
passenger-10,<script>alert(‘Hacked!’);</script>,acme@lorem-ipsum.org,604IIOKK,2000/01/01 0:00,<script>alert(‘Hacked!’);</script>
passenger-11,' or 'A' = 'A,acme@lorem-ipsum.org,ZZZZZZZZZ,2000/01/01 0:00,' or 'A' = 'A
